{"accuracy": 0.9777562862669246, "f1_score": 0.9811030008777066}